subject_id,group,p,scenario,ft_strategy,seed,encoder_checkpoint,lr_encoder,lr_head,weight_decay,warmup_epochs,selected_threshold,val_f1_at_selected_threshold,n_calib,n_val,n_test,n_pos_calib,n_pos_val,n_pos_test,best_epoch,best_val_loss,stopped_epoch,auc,accuracy,f1,precision,recall,fdr,run_tag,history_path,predictions_path,status,error,ssl_epoch,ssl_checkpoint
subj_051,benchmark,100,ssl_ft,full_ft,42,/kaggle/input/datasets/taisiyaglazova/ssl-checkpoints/checkpoints/encoder_epoch_070.pt,3e-05,0.0003,0.001,,0.39,0.22547332185886404,6230,1246,2670,740,148,314,3,0.6977990122323625,13,0.6782966379375601,0.26816479400749066,0.22705696202531644,0.12962962962962962,0.9140127388535032,0.2005485952258117,benchmark__subj_051__p100__ssl_ft__seed42__full_ft__lre3em05__lrh3em04__wd1em03,,,ok,,70,/kaggle/input/datasets/taisiyaglazova/ssl-checkpoints/checkpoints/encoder_epoch_070.pt
subj_052,benchmark,100,ssl_ft,full_ft,42,/kaggle/input/datasets/taisiyaglazova/ssl-checkpoints/checkpoints/encoder_epoch_070.pt,3e-05,0.0003,0.001,,0.385,0.25903614457831325,6506,1302,2788,762,152,328,3,0.6606258077921772,13,0.6190375272655166,0.3884505021520803,0.23024830699774265,0.13513513513513514,0.7774390243902439,0.09035153179063359,benchmark__subj_052__p100__ssl_ft__seed42__full_ft__lre3em05__lrh3em04__wd1em03,,,ok,,70,/kaggle/input/datasets/taisiyaglazova/ssl-checkpoints/checkpoints/encoder_epoch_070.pt
subj_053,benchmark,100,ssl_ft,full_ft,42,/kaggle/input/datasets/taisiyaglazova/ssl-checkpoints/checkpoints/encoder_epoch_070.pt,3e-05,0.0003,0.001,,0.4,0.23537323470073973,8113,1623,3476,959,192,409,3,0.678217114707385,13,0.6197202972250545,0.31990794016110474,0.22896281800391388,0.13210387655250283,0.8581907090464548,0.08548477641294276,benchmark__subj_053__p100__ssl_ft__seed42__full_ft__lre3em05__lrh3em04__wd1em03,,,ok,,70,/kaggle/input/datasets/taisiyaglazova/ssl-checkpoints/checkpoints/encoder_epoch_070.pt
subj_055,benchmark,100,ssl_ft,full_ft,42,/kaggle/input/datasets/taisiyaglazova/ssl-checkpoints/checkpoints/encoder_epoch_070.pt,3e-05,0.0003,0.001,,0.37,0.3276089828269485,6838,1368,2930,809,162,346,5,0.6044853099605494,15,0.7092277510334831,0.6225255972696245,0.2991128010139417,0.19155844155844157,0.6820809248554913,0.3062577101121274,benchmark__subj_055__p100__ssl_ft__seed42__full_ft__lre3em05__lrh3em04__wd1em03,,,ok,,70,/kaggle/input/datasets/taisiyaglazova/ssl-checkpoints/checkpoints/encoder_epoch_070.pt
subj_056,benchmark,100,ssl_ft,full_ft,42,/kaggle/input/datasets/taisiyaglazova/ssl-checkpoints/checkpoints/encoder_epoch_070.pt,3e-05,0.0003,0.001,,0.28,0.2110144927536232,7722,1545,3309,909,182,388,2,0.6999826806648649,12,0.5167803710775507,0.11725596857056513,0.20989991885312415,0.11725596857056513,1.0,0.0009131800362719067,benchmark__subj_056__p100__ssl_ft__seed42__full_ft__lre3em05__lrh3em04__wd1em03,,,ok,,70,/kaggle/input/datasets/taisiyaglazova/ssl-checkpoints/checkpoints/encoder_epoch_070.pt
subj_057,benchmark,100,ssl_ft,full_ft,42,/kaggle/input/datasets/taisiyaglazova/ssl-checkpoints/checkpoints/encoder_epoch_070.pt,3e-05,0.0003,0.001,,0.4,0.23175319789315274,8590,1718,3681,1012,202,434,3,0.6657574435607102,13,0.5619650325930068,0.4102146155935887,0.2182211019085344,0.1293213828425096,0.6981566820276498,0.023560926173843602,benchmark__subj_057__p100__ssl_ft__seed42__full_ft__lre3em05__lrh3em04__wd1em03,,,ok,,70,/kaggle/input/datasets/taisiyaglazova/ssl-checkpoints/checkpoints/encoder_epoch_070.pt
subj_058,benchmark,100,ssl_ft,full_ft,42,/kaggle/input/datasets/taisiyaglazova/ssl-checkpoints/checkpoints/encoder_epoch_070.pt,3e-05,0.0003,0.001,,0.4,0.23462783171521034,7324,1465,3138,867,173,369,3,0.6734097319251441,13,0.6011376437346895,0.35564053537284895,0.2288329519450801,0.13315579227696406,0.8130081300813008,0.0705791019363691,benchmark__subj_058__p100__ssl_ft__seed42__full_ft__lre3em05__lrh3em04__wd1em03,,,ok,,70,/kaggle/input/datasets/taisiyaglazova/ssl-checkpoints/checkpoints/encoder_epoch_070.pt
subj_059,benchmark,100,ssl_ft,full_ft,42,/kaggle/input/datasets/taisiyaglazova/ssl-checkpoints/checkpoints/encoder_epoch_070.pt,3e-05,0.0003,0.001,,0.37,0.22875816993464052,6316,1264,2706,744,149,318,4,0.6809469831140735,14,0.5732172392360123,0.2435328898743533,0.21959588257720167,0.12494577006507593,0.9056603773584906,0.029496140712648434,benchmark__subj_059__p100__ssl_ft__seed42__full_ft__lre3em05__lrh3em04__wd1em03,,,ok,,70,/kaggle/input/datasets/taisiyaglazova/ssl-checkpoints/checkpoints/encoder_epoch_070.pt
subj_060,benchmark,100,ssl_ft,full_ft,42,/kaggle/input/datasets/taisiyaglazova/ssl-checkpoints/checkpoints/encoder_epoch_070.pt,3e-05,0.0003,0.001,,0.395,0.3374233128834356,6072,1215,2601,718,144,306,4,0.56961746367898,14,0.747266720776909,0.5586312956555171,0.2974296205630355,0.18298192771084337,0.7941176470588235,0.4246158213090313,benchmark__subj_060__p100__ssl_ft__seed42__full_ft__lre3em05__lrh3em04__wd1em03,,,ok,,70,/kaggle/input/datasets/taisiyaglazova/ssl-checkpoints/checkpoints/encoder_epoch_070.pt
subj_061,benchmark,100,ssl_ft,full_ft,42,/kaggle/input/datasets/taisiyaglazova/ssl-checkpoints/checkpoints/encoder_epoch_070.pt,3e-05,0.0003,0.001,,0.335,0.23714131023280996,10666,2134,4570,1253,251,536,5,0.6564444990334605,15,0.6522337648643248,0.3164113785557987,0.23318605792832597,0.13425664217071792,0.8861940298507462,0.1579612015524583,benchmark__subj_061__p100__ssl_ft__seed42__full_ft__lre3em05__lrh3em04__wd1em03,,,ok,,70,/kaggle/input/datasets/taisiyaglazova/ssl-checkpoints/checkpoints/encoder_epoch_070.pt
subj_062,benchmark,100,ssl_ft,full_ft,42,/kaggle/input/datasets/taisiyaglazova/ssl-checkpoints/checkpoints/encoder_epoch_070.pt,3e-05,0.0003,0.001,,0.4,0.21934369602763384,5710,1142,2446,680,136,288,1,0.6836913706124769,11,0.6070902198537741,0.2187244480784955,0.21968150265414454,0.12447940768162888,0.9340277777777778,0.08461439351741287,benchmark__subj_062__p100__ssl_ft__seed42__full_ft__lre3em05__lrh3em04__wd1em03,,,ok,,70,/kaggle/input/datasets/taisiyaglazova/ssl-checkpoints/checkpoints/encoder_epoch_070.pt
subj_063,benchmark,100,ssl_ft,full_ft,42,/kaggle/input/datasets/taisiyaglazova/ssl-checkpoints/checkpoints/encoder_epoch_070.pt,3e-05,0.0003,0.001,,0.395,0.2226762002042901,10400,2080,4456,1237,247,525,3,0.6945082912078271,13,0.5947375561773933,0.2504488330341113,0.21889616463985032,0.12476672887230073,0.8914285714285715,0.07110267571767713,benchmark__subj_063__p100__ssl_ft__seed42__full_ft__lre3em05__lrh3em04__wd1em03,,,ok,,70,/kaggle/input/datasets/taisiyaglazova/ssl-checkpoints/checkpoints/encoder_epoch_070.pt
subj_064,benchmark,100,ssl_ft,full_ft,42,/kaggle/input/datasets/taisiyaglazova/ssl-checkpoints/checkpoints/encoder_epoch_070.pt,3e-05,0.0003,0.001,,0.39,0.29403973509933773,6824,1365,2924,799,160,344,6,0.6659224863890764,16,0.696922322877231,0.6179890560875513,0.2898919262555626,0.1855166802278275,0.6627906976744186,0.26230153472061996,benchmark__subj_064__p100__ssl_ft__seed42__full_ft__lre3em05__lrh3em04__wd1em03,,,ok,,70,/kaggle/input/datasets/taisiyaglazova/ssl-checkpoints/checkpoints/encoder_epoch_070.pt
subj_066,benchmark,100,ssl_ft,full_ft,42,/kaggle/input/datasets/taisiyaglazova/ssl-checkpoints/checkpoints/encoder_epoch_070.pt,3e-05,0.0003,0.001,,0.4,0.3695299837925446,6036,1208,2586,719,144,305,4,0.5212482735021224,14,0.754416024033175,0.6450116009280742,0.3318777292576419,0.21328344246959777,0.7475409836065574,0.4919013960795098,benchmark__subj_066__p100__ssl_ft__seed42__full_ft__lre3em05__lrh3em04__wd1em03,,,ok,,70,/kaggle/input/datasets/taisiyaglazova/ssl-checkpoints/checkpoints/encoder_epoch_070.pt
subj_067,benchmark,100,ssl_ft,full_ft,42,/kaggle/input/datasets/taisiyaglazova/ssl-checkpoints/checkpoints/encoder_epoch_070.pt,3e-05,0.0003,0.001,,0.4,0.4124783362218371,7210,1442,3089,854,171,364,5,0.5777129589188611,15,0.6978949490876096,0.7695046940757526,0.3219047619047619,0.24635568513119532,0.4642857142857143,0.28512647561801113,benchmark__subj_067__p100__ssl_ft__seed42__full_ft__lre3em05__lrh3em04__wd1em03,,,ok,,70,/kaggle/input/datasets/taisiyaglazova/ssl-checkpoints/checkpoints/encoder_epoch_070.pt
subj_076,benchmark,100,ssl_ft,full_ft,42,/kaggle/input/datasets/taisiyaglazova/ssl-checkpoints/checkpoints/encoder_epoch_070.pt,3e-05,0.0003,0.001,,0.4,0.2412914188615123,9346,1870,4005,1041,208,445,2,0.634614504403609,12,0.6510390102259815,0.6109862671660424,0.2616113744075829,0.16576576576576577,0.6202247191011236,0.13493952744465598,benchmark__subj_076__p100__ssl_ft__seed42__full_ft__lre3em05__lrh3em04__wd1em03,,,ok,,70,/kaggle/input/datasets/taisiyaglazova/ssl-checkpoints/checkpoints/encoder_epoch_070.pt
subj_077,benchmark,100,ssl_ft,full_ft,42,/kaggle/input/datasets/taisiyaglazova/ssl-checkpoints/checkpoints/encoder_epoch_070.pt,3e-05,0.0003,0.001,,0.4,0.6334519572953736,9073,1815,3888,1013,203,431,5,0.3099676030398072,15,0.9568265605882545,0.8953189300411523,0.6594142259414226,0.5157068062827225,0.91415313225058,4.070561728200882,benchmark__subj_077__p100__ssl_ft__seed42__full_ft__lre3em05__lrh3em04__wd1em03,,,ok,,70,/kaggle/input/datasets/taisiyaglazova/ssl-checkpoints/checkpoints/encoder_epoch_070.pt
subj_078,benchmark,100,ssl_ft,full_ft,42,/kaggle/input/datasets/taisiyaglazova/ssl-checkpoints/checkpoints/encoder_epoch_070.pt,3e-05,0.0003,0.001,,0.4,0.20887096774193548,13414,2683,5748,1493,299,637,3,0.6813948968209484,13,0.5532039584643212,0.24112734864300625,0.20255941499085922,0.11462859507552245,0.869701726844584,0.004041372804569971,benchmark__subj_078__p100__ssl_ft__seed42__full_ft__lre3em05__lrh3em04__wd1em03,,,ok,,70,/kaggle/input/datasets/taisiyaglazova/ssl-checkpoints/checkpoints/encoder_epoch_070.pt
subj_079,benchmark,100,ssl_ft,full_ft,42,/kaggle/input/datasets/taisiyaglazova/ssl-checkpoints/checkpoints/encoder_epoch_070.pt,3e-05,0.0003,0.001,,0.355,0.20006559527714005,13851,2771,5935,1536,307,659,1,0.6950817393163876,11,0.5238871932454462,0.12181971356360573,0.20036821110770175,0.11145246629117597,0.9908952959028832,0.0013280620437296174,benchmark__subj_079__p100__ssl_ft__seed42__full_ft__lre3em05__lrh3em04__wd1em03,,,ok,,70,/kaggle/input/datasets/taisiyaglazova/ssl-checkpoints/checkpoints/encoder_epoch_070.pt
subj_080,benchmark,100,ssl_ft,full_ft,42,/kaggle/input/datasets/taisiyaglazova/ssl-checkpoints/checkpoints/encoder_epoch_070.pt,3e-05,0.0003,0.001,,0.4,0.7845804988662132,8872,1775,3802,986,197,422,4,0.23991115526414253,14,0.9828185030427101,0.9518674381904261,0.805111821086262,0.7311411992263056,0.8957345971563981,5.135935396107222,benchmark__subj_080__p100__ssl_ft__seed42__full_ft__lre3em05__lrh3em04__wd1em03,,,ok,,70,/kaggle/input/datasets/taisiyaglazova/ssl-checkpoints/checkpoints/encoder_epoch_070.pt
subj_081,benchmark,100,ssl_ft,full_ft,42,/kaggle/input/datasets/taisiyaglazova/ssl-checkpoints/checkpoints/encoder_epoch_070.pt,3e-05,0.0003,0.001,,0.395,0.36486486486486486,9502,1901,4071,1058,212,453,4,0.5458268438245922,14,0.8273716040840683,0.7187423237533775,0.38274932614555257,0.25320970042796004,0.7836644591611479,0.9113347409774152,benchmark__subj_081__p100__ssl_ft__seed42__full_ft__lre3em05__lrh3em04__wd1em03,,,ok,,70,/kaggle/input/datasets/taisiyaglazova/ssl-checkpoints/checkpoints/encoder_epoch_070.pt
subj_082,benchmark,100,ssl_ft,full_ft,42,/kaggle/input/datasets/taisiyaglazova/ssl-checkpoints/checkpoints/encoder_epoch_070.pt,3e-05,0.0003,0.001,,0.4,0.28493150684931506,9462,1893,4055,1054,211,451,2,0.6172226386226426,12,0.7071417321478229,0.5672009864364982,0.27268959801077497,0.16768603465851173,0.729490022172949,0.3067658046608809,benchmark__subj_082__p100__ssl_ft__seed42__full_ft__lre3em05__lrh3em04__wd1em03,,,ok,,70,/kaggle/input/datasets/taisiyaglazova/ssl-checkpoints/checkpoints/encoder_epoch_070.pt
subj_083,benchmark,100,ssl_ft,full_ft,42,/kaggle/input/datasets/taisiyaglazova/ssl-checkpoints/checkpoints/encoder_epoch_070.pt,3e-05,0.0003,0.001,,0.4,0.21701936064835659,13034,2607,5586,1450,290,620,3,0.6914244633000795,13,0.5758054772452679,0.3793412101682778,0.21150784625881283,0.12311358220810167,0.75,0.03358533379037927,benchmark__subj_083__p100__ssl_ft__seed42__full_ft__lre3em05__lrh3em04__wd1em03,,,ok,,70,/kaggle/input/datasets/taisiyaglazova/ssl-checkpoints/checkpoints/encoder_epoch_070.pt
subj_084,benchmark,100,ssl_ft,full_ft,42,/kaggle/input/datasets/taisiyaglazova/ssl-checkpoints/checkpoints/encoder_epoch_070.pt,3e-05,0.0003,0.001,,0.4,0.3239171374764595,9943,1989,4261,1106,221,470,2,0.580760812942199,12,0.7295885552007274,0.6050222952358602,0.29493087557603687,0.18362023995826812,0.7489361702127659,0.34435598023061453,benchmark__subj_084__p100__ssl_ft__seed42__full_ft__lre3em05__lrh3em04__wd1em03,,,ok,,70,/kaggle/input/datasets/taisiyaglazova/ssl-checkpoints/checkpoints/encoder_epoch_070.pt
subj_085,benchmark,100,ssl_ft,full_ft,42,/kaggle/input/datasets/taisiyaglazova/ssl-checkpoints/checkpoints/encoder_epoch_070.pt,3e-05,0.0003,0.001,,0.4,0.29642545771578027,10748,2150,4606,1191,238,512,2,0.596381084364514,12,0.629513560240596,0.5996526270082501,0.24177631578947367,0.153125,0.57421875,0.10961428067800279,benchmark__subj_085__p100__ssl_ft__seed42__full_ft__lre3em05__lrh3em04__wd1em03,,,ok,,70,/kaggle/input/datasets/taisiyaglazova/ssl-checkpoints/checkpoints/encoder_epoch_070.pt
subj_086,benchmark,100,ssl_ft,full_ft,42,/kaggle/input/datasets/taisiyaglazova/ssl-checkpoints/checkpoints/encoder_epoch_070.pt,3e-05,0.0003,0.001,,0.4,0.18230563002680966,5152,1031,2208,425,85,184,2,0.6748614890499096,12,0.650954846193504,0.38722826086956524,0.1724770642201835,0.09717436250861475,0.7663043478260869,0.16842719875942327,benchmark__subj_086__p100__ssl_ft__seed42__full_ft__lre3em05__lrh3em04__wd1em03,,,ok,,70,/kaggle/input/datasets/taisiyaglazova/ssl-checkpoints/checkpoints/encoder_epoch_070.pt
subj_087,benchmark,100,ssl_ft,full_ft,42,/kaggle/input/datasets/taisiyaglazova/ssl-checkpoints/checkpoints/encoder_epoch_070.pt,3e-05,0.0003,0.001,,0.35,0.1533406352683461,4226,846,1811,351,70,151,1,0.6908288424742137,11,0.48904093193967924,0.08503589177250138,0.15416028586013272,0.08351769911504425,1.0,0.0001327786139116127,benchmark__subj_087__p100__ssl_ft__seed42__full_ft__lre3em05__lrh3em04__wd1em03,,,ok,,70,/kaggle/input/datasets/taisiyaglazova/ssl-checkpoints/checkpoints/encoder_epoch_070.pt
subj_088,benchmark,100,ssl_ft,full_ft,42,/kaggle/input/datasets/taisiyaglazova/ssl-checkpoints/checkpoints/encoder_epoch_070.pt,3e-05,0.0003,0.001,,0.3,0.15991692627206647,4778,956,2047,396,79,170,2,0.684571292859241,12,0.6889654956281925,0.17244748412310698,0.16386969397828233,0.0894396551724138,0.9764705882352941,0.24790833460530393,benchmark__subj_088__p100__ssl_ft__seed42__full_ft__lre3em05__lrh3em04__wd1em03,,,ok,,70,/kaggle/input/datasets/taisiyaglazova/ssl-checkpoints/checkpoints/encoder_epoch_070.pt
subj_089,benchmark,100,ssl_ft,full_ft,42,/kaggle/input/datasets/taisiyaglazova/ssl-checkpoints/checkpoints/encoder_epoch_070.pt,3e-05,0.0003,0.001,,0.4,0.21428571428571427,4781,957,2048,393,79,171,4,0.6670484187834689,14,0.6481164730330533,0.51806640625,0.19164619164619165,0.11142857142857143,0.6842105263157895,0.12231626336817276,benchmark__subj_089__p100__ssl_ft__seed42__full_ft__lre3em05__lrh3em04__wd1em03,,,ok,,70,/kaggle/input/datasets/taisiyaglazova/ssl-checkpoints/checkpoints/encoder_epoch_070.pt
subj_091,benchmark,100,ssl_ft,full_ft,42,/kaggle/input/datasets/taisiyaglazova/ssl-checkpoints/checkpoints/encoder_epoch_070.pt,3e-05,0.0003,0.001,,0.385,0.15299877600979192,7558,1512,3238,625,125,270,1,0.6994883320318959,11,0.5258223520015972,0.08338480543545398,0.15393386545039908,0.08338480543545398,1.0,0.0043885856902644614,benchmark__subj_091__p100__ssl_ft__seed42__full_ft__lre3em05__lrh3em04__wd1em03,,,ok,,70,/kaggle/input/datasets/taisiyaglazova/ssl-checkpoints/checkpoints/encoder_epoch_070.pt
subj_092,benchmark,100,ssl_ft,full_ft,42,/kaggle/input/datasets/taisiyaglazova/ssl-checkpoints/checkpoints/encoder_epoch_070.pt,3e-05,0.0003,0.001,,0.365,0.20550458715596331,4454,891,1908,369,74,159,3,0.675714020911023,13,0.6537536274097329,0.5146750524109015,0.21124361158432708,0.12216748768472907,0.779874213836478,0.1630715085571217,benchmark__subj_092__p100__ssl_ft__seed42__full_ft__lre3em05__lrh3em04__wd1em03,,,ok,,70,/kaggle/input/datasets/taisiyaglazova/ssl-checkpoints/checkpoints/encoder_epoch_070.pt
subj_093,benchmark,100,ssl_ft,full_ft,42,/kaggle/input/datasets/taisiyaglazova/ssl-checkpoints/checkpoints/encoder_epoch_070.pt,3e-05,0.0003,0.001,,0.33999999999999997,0.18406593406593408,4578,916,1961,379,76,163,3,0.6941044491971945,13,0.690743634713417,0.2738398776134625,0.17972350230414746,0.09917355371900827,0.9570552147239264,0.27014494969026853,benchmark__subj_093__p100__ssl_ft__seed42__full_ft__lre3em05__lrh3em04__wd1em03,,,ok,,70,/kaggle/input/datasets/taisiyaglazova/ssl-checkpoints/checkpoints/encoder_epoch_070.pt
subj_095,benchmark,100,ssl_ft,full_ft,42,/kaggle/input/datasets/taisiyaglazova/ssl-checkpoints/checkpoints/encoder_epoch_070.pt,3e-05,0.0003,0.001,,0.05,0.15267175572519084,4839,968,2073,401,80,173,1,0.69568994616674,11,0.5408731365987223,0.08345393150024119,0.15405164737310775,0.08345393150024119,1.0,0.004281966121814957,benchmark__subj_095__p100__ssl_ft__seed42__full_ft__lre3em05__lrh3em04__wd1em03,,,ok,,70,/kaggle/input/datasets/taisiyaglazova/ssl-checkpoints/checkpoints/encoder_epoch_070.pt
subj_096,benchmark,100,ssl_ft,full_ft,42,/kaggle/input/datasets/taisiyaglazova/ssl-checkpoints/checkpoints/encoder_epoch_070.pt,3e-05,0.0003,0.001,,0.4,0.15769944341372913,5164,1033,2213,427,85,184,1,0.6801483979645219,11,0.5329703002121413,0.12065070040668775,0.15317667536988686,0.08325449385052035,0.9565217391304348,0.005295879555743754,benchmark__subj_096__p100__ssl_ft__seed42__full_ft__lre3em05__lrh3em04__wd1em03,,,ok,,70,/kaggle/input/datasets/taisiyaglazova/ssl-checkpoints/checkpoints/encoder_epoch_070.pt
subj_097,benchmark,100,ssl_ft,full_ft,42,/kaggle/input/datasets/taisiyaglazova/ssl-checkpoints/checkpoints/encoder_epoch_070.pt,3e-05,0.0003,0.001,,0.33999999999999997,0.1583710407239819,4178,836,1790,348,70,149,1,0.69107123738841,11,0.5627236625236699,0.08994413407821229,0.15376623376623377,0.08333333333333333,0.9932885906040269,0.011214597897732376,benchmark__subj_097__p100__ssl_ft__seed42__full_ft__lre3em05__lrh3em04__wd1em03,,,ok,,70,/kaggle/input/datasets/taisiyaglazova/ssl-checkpoints/checkpoints/encoder_epoch_070.pt
subj_098,benchmark,100,ssl_ft,full_ft,42,/kaggle/input/datasets/taisiyaglazova/ssl-checkpoints/checkpoints/encoder_epoch_070.pt,3e-05,0.0003,0.001,,0.305,0.15410107705053852,5605,1121,2401,465,93,200,1,0.7051743776217622,11,0.5715458882326216,0.08704706372344856,0.15366795366795366,0.08326359832635984,0.995,0.029088544138660726,benchmark__subj_098__p100__ssl_ft__seed42__full_ft__lre3em05__lrh3em04__wd1em03,,,ok,,70,/kaggle/input/datasets/taisiyaglazova/ssl-checkpoints/checkpoints/encoder_epoch_070.pt
subj_099,benchmark,100,ssl_ft,full_ft,42,/kaggle/input/datasets/taisiyaglazova/ssl-checkpoints/checkpoints/encoder_epoch_070.pt,3e-05,0.0003,0.001,,0.385,0.17670682730923695,4491,899,1924,371,74,161,2,0.6807442755667333,12,0.5928101098142282,0.30509355509355507,0.17008069522036,0.09448275862068965,0.8509316770186336,0.057325077877928496,benchmark__subj_099__p100__ssl_ft__seed42__full_ft__lre3em05__lrh3em04__wd1em03,,,ok,,70,/kaggle/input/datasets/taisiyaglazova/ssl-checkpoints/checkpoints/encoder_epoch_070.pt
subj_100,benchmark,100,ssl_ft,full_ft,42,/kaggle/input/datasets/taisiyaglazova/ssl-checkpoints/checkpoints/encoder_epoch_070.pt,3e-05,0.0003,0.001,,0.4,0.1613198900091659,6263,1253,2684,521,104,223,2,0.6943151308647272,12,0.554348281623825,0.2749627421758569,0.16048317515099222,0.08878281622911695,0.8340807174887892,0.037073387419080624,benchmark__subj_100__p100__ssl_ft__seed42__full_ft__lre3em05__lrh3em04__wd1em03,,,ok,,70,/kaggle/input/datasets/taisiyaglazova/ssl-checkpoints/checkpoints/encoder_epoch_070.pt
subj_101,benchmark,100,ssl_ft,full_ft,42,/kaggle/input/datasets/taisiyaglazova/ssl-checkpoints/checkpoints/encoder_epoch_070.pt,3e-05,0.0003,0.001,,0.4,0.16633266533066132,5536,1108,2372,459,92,197,2,0.6782888834657221,12,0.5267028414726647,0.23313659359190556,0.15669911914696338,0.08622448979591837,0.8578680203045685,0.001694119517127698,benchmark__subj_101__p100__ssl_ft__seed42__full_ft__lre3em05__lrh3em04__wd1em03,,,ok,,70,/kaggle/input/datasets/taisiyaglazova/ssl-checkpoints/checkpoints/encoder_epoch_070.pt
subj_102,benchmark,100,ssl_ft,full_ft,42,/kaggle/input/datasets/taisiyaglazova/ssl-checkpoints/checkpoints/encoder_epoch_070.pt,3e-05,0.0003,0.001,,0.4,0.15508559919436052,5451,1091,2336,447,89,195,1,0.689781855706443,11,0.5378974598498185,0.22902397260273974,0.15406294034758103,0.08479834539813857,0.841025641025641,0.006302024626987611,benchmark__subj_102__p100__ssl_ft__seed42__full_ft__lre3em05__lrh3em04__wd1em03,,,ok,,70,/kaggle/input/datasets/taisiyaglazova/ssl-checkpoints/checkpoints/encoder_epoch_070.pt
subj_103,benchmark,100,ssl_ft,full_ft,42,/kaggle/input/datasets/taisiyaglazova/ssl-checkpoints/checkpoints/encoder_epoch_070.pt,3e-05,0.0003,0.001,,0.39,0.16272469252601704,5596,1120,2397,460,92,200,1,0.6917324049132211,11,0.5528243058716431,0.19524405506883605,0.16239687364307426,0.08892058963385639,0.935,0.017859517002394402,benchmark__subj_103__p100__ssl_ft__seed42__full_ft__lre3em05__lrh3em04__wd1em03,,,ok,,70,/kaggle/input/datasets/taisiyaglazova/ssl-checkpoints/checkpoints/encoder_epoch_070.pt
subj_104,benchmark,100,ssl_ft,full_ft,42,/kaggle/input/datasets/taisiyaglazova/ssl-checkpoints/checkpoints/encoder_epoch_070.pt,3e-05,0.0003,0.001,,0.4,0.1653631284916201,4775,955,2046,398,80,170,1,0.6765333669972046,11,0.5304715916217233,0.2404692082111437,0.16090712742980562,0.08858501783590964,0.8764705882352941,0.0021265814286852876,benchmark__subj_104__p100__ssl_ft__seed42__full_ft__lre3em05__lrh3em04__wd1em03,,,ok,,70,/kaggle/input/datasets/taisiyaglazova/ssl-checkpoints/checkpoints/encoder_epoch_070.pt
subj_105,benchmark,100,ssl_ft,full_ft,42,/kaggle/input/datasets/taisiyaglazova/ssl-checkpoints/checkpoints/encoder_epoch_070.pt,3e-05,0.0003,0.001,,0.395,0.3014354066985646,4270,854,1829,353,71,153,7,0.49969086127761375,17,0.7866691624939556,0.640787315472936,0.2642777155655095,0.15945945945945947,0.7712418300653595,0.5497645874889951,benchmark__subj_105__p100__ssl_ft__seed42__full_ft__lre3em05__lrh3em04__wd1em03,,,ok,,70,/kaggle/input/datasets/taisiyaglazova/ssl-checkpoints/checkpoints/encoder_epoch_070.pt
subj_122,benchmark,100,ssl_ft,full_ft,42,/kaggle/input/datasets/taisiyaglazova/ssl-checkpoints/checkpoints/encoder_epoch_070.pt,3e-05,0.0003,0.001,,0.4,0.24624277456647398,8673,1735,3716,1169,234,790,1,0.6873713811811177,11,0.5083725568235895,0.2860602798708288,0.3447764880217338,0.21417612764651733,0.8835443037974684,0.0005199649179293692,benchmark__subj_122__p100__ssl_ft__seed42__full_ft__lre3em05__lrh3em04__wd1em03,,,ok,,70,/kaggle/input/datasets/taisiyaglazova/ssl-checkpoints/checkpoints/encoder_epoch_070.pt
subj_123,benchmark,100,ssl_ft,full_ft,42,/kaggle/input/datasets/taisiyaglazova/ssl-checkpoints/checkpoints/encoder_epoch_070.pt,3e-05,0.0003,0.001,,0.33999999999999997,0.21651376146788992,7355,1471,3151,886,177,743,1,0.6883098244829132,11,0.5044138425973539,0.2491272611869248,0.38353309015112036,0.23780290791599354,0.990578734858681,0.00039178130918344735,benchmark__subj_123__p100__ssl_ft__seed42__full_ft__lre3em05__lrh3em04__wd1em03,,,ok,,70,/kaggle/input/datasets/taisiyaglazova/ssl-checkpoints/checkpoints/encoder_epoch_070.pt
subj_124,benchmark,100,ssl_ft,full_ft,42,/kaggle/input/datasets/taisiyaglazova/ssl-checkpoints/checkpoints/encoder_epoch_070.pt,3e-05,0.0003,0.001,,0.4,0.2805872756933116,9299,1860,3984,1424,285,812,1,0.6969925453585963,11,0.5321045369271769,0.22690763052208834,0.33905579399141633,0.2053014553014553,0.9729064039408867,0.000977355646310026,benchmark__subj_124__p100__ssl_ft__seed42__full_ft__lre3em05__lrh3em04__wd1em03,,,ok,,70,/kaggle/input/datasets/taisiyaglazova/ssl-checkpoints/checkpoints/encoder_epoch_070.pt
subj_125,benchmark,100,ssl_ft,full_ft,42,/kaggle/input/datasets/taisiyaglazova/ssl-checkpoints/checkpoints/encoder_epoch_070.pt,3e-05,0.0003,0.001,,0.39,0.2237017310252996,6808,1362,2917,851,170,723,1,0.6913935777549352,11,0.5010155951538902,0.25368529310935894,0.3971199113818887,0.24826869806094182,0.991701244813278,4.550091486073579e-06,benchmark__subj_125__p100__ssl_ft__seed42__full_ft__lre3em05__lrh3em04__wd1em03,,,ok,,70,/kaggle/input/datasets/taisiyaglazova/ssl-checkpoints/checkpoints/encoder_epoch_070.pt
subj_126,benchmark,100,ssl_ft,full_ft,42,/kaggle/input/datasets/taisiyaglazova/ssl-checkpoints/checkpoints/encoder_epoch_070.pt,3e-05,0.0003,0.001,,0.4,0.24727992087042533,8953,1791,3836,1255,251,799,1,0.6957173923551537,11,0.5129609245669698,0.21663190823774767,0.3454585057721629,0.20912447257383968,0.9924906132665833,0.00021131309304336856,benchmark__subj_126__p100__ssl_ft__seed42__full_ft__lre3em05__lrh3em04__wd1em03,,,ok,,70,/kaggle/input/datasets/taisiyaglazova/ssl-checkpoints/checkpoints/encoder_epoch_070.pt
subj_127,benchmark,100,ssl_ft,full_ft,42,/kaggle/input/datasets/taisiyaglazova/ssl-checkpoints/checkpoints/encoder_epoch_070.pt,3e-05,0.0003,0.001,,0.4,0.432258064516129,5946,1190,2548,820,164,637,5,0.5002754688262939,15,0.7835624045536582,0.6993720565149136,0.5472813238770685,0.43886255924170614,0.7268445839874411,0.6370182632641334,benchmark__subj_127__p100__ssl_ft__seed42__full_ft__lre3em05__lrh3em04__wd1em03,,,ok,,70,/kaggle/input/datasets/taisiyaglazova/ssl-checkpoints/checkpoints/encoder_epoch_070.pt
subj_128,benchmark,100,ssl_ft,full_ft,42,/kaggle/input/datasets/taisiyaglazova/ssl-checkpoints/checkpoints/encoder_epoch_070.pt,3e-05,0.0003,0.001,,0.4,0.3267259056732741,11807,2362,5059,1812,362,1021,1,0.6788990003491336,11,0.5709252551301325,0.589839889306187,0.33472266752164154,0.24880838894184937,0.5112634671890304,0.022869752666959058,benchmark__subj_128__p100__ssl_ft__seed42__full_ft__lre3em05__lrh3em04__wd1em03,,,ok,,70,/kaggle/input/datasets/taisiyaglazova/ssl-checkpoints/checkpoints/encoder_epoch_070.pt
subj_129,benchmark,100,ssl_ft,full_ft,42,/kaggle/input/datasets/taisiyaglazova/ssl-checkpoints/checkpoints/encoder_epoch_070.pt,3e-05,0.0003,0.001,,0.4,0.28949691085613416,7943,1589,3403,1095,219,764,2,0.6630341173943819,12,0.566636626597811,0.30766970320305614,0.38485639686684076,0.24037834311806913,0.9646596858638743,0.042630915759372286,benchmark__subj_129__p100__ssl_ft__seed42__full_ft__lre3em05__lrh3em04__wd1em03,,,ok,,70,/kaggle/input/datasets/taisiyaglazova/ssl-checkpoints/checkpoints/encoder_epoch_070.pt
subj_130,benchmark,100,ssl_ft,full_ft,42,/kaggle/input/datasets/taisiyaglazova/ssl-checkpoints/checkpoints/encoder_epoch_070.pt,3e-05,0.0003,0.001,,0.4,0.22122571001494767,6216,1244,2664,749,150,666,1,0.692767322063446,11,0.5197442186931676,0.2777777777777778,0.3983739837398374,0.25157977883096366,0.9564564564564565,0.0010929842059991027,benchmark__subj_130__p100__ssl_ft__seed42__full_ft__lre3em05__lrh3em04__wd1em03,,,ok,,70,/kaggle/input/datasets/taisiyaglazova/ssl-checkpoints/checkpoints/encoder_epoch_070.pt
subj_131,benchmark,100,ssl_ft,full_ft,42,/kaggle/input/datasets/taisiyaglazova/ssl-checkpoints/checkpoints/encoder_epoch_070.pt,3e-05,0.0003,0.001,,0.32,0.26157158234660927,8669,1734,3714,1244,249,789,3,0.6875807606500188,13,0.5655838289298365,0.25417339795368876,0.35671156525777986,0.21836792721069093,0.973384030418251,0.01901681244570245,benchmark__subj_131__p100__ssl_ft__seed42__full_ft__lre3em05__lrh3em04__wd1em03,,,ok,,70,/kaggle/input/datasets/taisiyaglazova/ssl-checkpoints/checkpoints/encoder_epoch_070.pt
subj_132,benchmark,100,ssl_ft,full_ft,42,/kaggle/input/datasets/taisiyaglazova/ssl-checkpoints/checkpoints/encoder_epoch_070.pt,3e-05,0.0003,0.001,,0.38,0.2285276073619632,7103,1421,3043,903,181,734,1,0.6997677169158205,11,0.5042066761623454,0.2559973710154453,0.38377789874795865,0.23979591836734693,0.9604904632152589,1.2531887553943983e-06,benchmark__subj_132__p100__ssl_ft__seed42__full_ft__lre3em05__lrh3em04__wd1em03,,,ok,,70,/kaggle/input/datasets/taisiyaglazova/ssl-checkpoints/checkpoints/encoder_epoch_070.pt
subj_133,benchmark,100,ssl_ft,full_ft,42,/kaggle/input/datasets/taisiyaglazova/ssl-checkpoints/checkpoints/encoder_epoch_070.pt,3e-05,0.0003,0.001,,0.195,0.2390873015873016,8917,1784,3821,1207,241,798,1,0.6992673908648469,11,0.5081967654830095,0.2088458518712379,0.34552933535397273,0.2088458518712379,1.0,2.8972852828876542e-05,benchmark__subj_133__p100__ssl_ft__seed42__full_ft__lre3em05__lrh3em04__wd1em03,,,ok,,70,/kaggle/input/datasets/taisiyaglazova/ssl-checkpoints/checkpoints/encoder_epoch_070.pt
subj_134,benchmark,100,ssl_ft,full_ft,42,/kaggle/input/datasets/taisiyaglazova/ssl-checkpoints/checkpoints/encoder_epoch_070.pt,3e-05,0.0003,0.001,,0.395,0.23878923766816143,8557,1712,3666,1137,227,785,3,0.6866215389465617,13,0.5382773585781653,0.2684124386252046,0.35091965150048404,0.21661189124589184,0.9235668789808917,0.009093112200558069,benchmark__subj_134__p100__ssl_ft__seed42__full_ft__lre3em05__lrh3em04__wd1em03,,,ok,,70,/kaggle/input/datasets/taisiyaglazova/ssl-checkpoints/checkpoints/encoder_epoch_070.pt
subj_155,benchmark,100,ssl_ft,full_ft,42,/kaggle/input/datasets/taisiyaglazova/ssl-checkpoints/checkpoints/encoder_epoch_070.pt,3e-05,0.0003,0.001,,0.4,0.4119496855345912,11698,2340,5013,1613,323,775,12,0.5125300471599286,22,0.7070695245779354,0.6205864751645721,0.3626005361930295,0.24490719782707107,0.6980645161290323,0.29779410409634083,benchmark__subj_155__p100__ssl_ft__seed42__full_ft__lre3em05__lrh3em04__wd1em03,,,ok,,70,/kaggle/input/datasets/taisiyaglazova/ssl-checkpoints/checkpoints/encoder_epoch_070.pt
subj_156,benchmark,100,ssl_ft,full_ft,42,/kaggle/input/datasets/taisiyaglazova/ssl-checkpoints/checkpoints/encoder_epoch_070.pt,3e-05,0.0003,0.001,,0.4,0.3773006134969325,5434,1087,2328,945,189,194,12,0.6709313170012796,22,0.7751282621088127,0.6112542955326461,0.24896265560165975,0.14836795252225518,0.7731958762886598,0.5742439574540947,benchmark__subj_156__p100__ssl_ft__seed42__full_ft__lre3em05__lrh3em04__wd1em03,,,ok,,70,/kaggle/input/datasets/taisiyaglazova/ssl-checkpoints/checkpoints/encoder_epoch_070.pt
subj_157,benchmark,100,ssl_ft,full_ft,42,/kaggle/input/datasets/taisiyaglazova/ssl-checkpoints/checkpoints/encoder_epoch_070.pt,3e-05,0.0003,0.001,,0.060000000000000005,0.24041994750656168,16821,3365,7209,2291,458,955,1,0.6926056187184746,11,0.39507054751974446,0.23595505617977527,0.19848661233993015,0.11526111205002534,0.7141361256544503,0.0001014177441313695,benchmark__subj_157__p100__ssl_ft__seed42__full_ft__lre3em05__lrh3em04__wd1em03,,,ok,,70,/kaggle/input/datasets/taisiyaglazova/ssl-checkpoints/checkpoints/encoder_epoch_070.pt
subj_158,benchmark,100,ssl_ft,full_ft,42,/kaggle/input/datasets/taisiyaglazova/ssl-checkpoints/checkpoints/encoder_epoch_070.pt,3e-05,0.0003,0.001,,0.39,0.34982078853046594,11448,2290,4905,1621,324,705,7,0.6125606855971324,17,0.8400614657210402,0.7066258919469929,0.4420317952694843,0.304162219850587,0.8085106382978723,1.0406555040054106,benchmark__subj_158__p100__ssl_ft__seed42__full_ft__lre3em05__lrh3em04__wd1em03,,,ok,,70,/kaggle/input/datasets/taisiyaglazova/ssl-checkpoints/checkpoints/encoder_epoch_070.pt
subj_159,benchmark,100,ssl_ft,full_ft,42,/kaggle/input/datasets/taisiyaglazova/ssl-checkpoints/checkpoints/encoder_epoch_070.pt,3e-05,0.0003,0.001,,0.255,0.25900900900900903,7738,1548,3315,1152,230,367,1,0.6996339035896676,11,0.4906060174727058,0.11070889894419306,0.19934818033677348,0.11070889894419306,1.0,1.722642889679485e-05,benchmark__subj_159__p100__ssl_ft__seed42__full_ft__lre3em05__lrh3em04__wd1em03,,,ok,,70,/kaggle/input/datasets/taisiyaglazova/ssl-checkpoints/checkpoints/encoder_epoch_070.pt
subj_051,benchmark,100,ssl_ft,full_ft,42,/kaggle/input/datasets/taisiyaglazova/ssl-checkpoints/checkpoints/encoder_epoch_080.pt,3e-05,0.0003,0.001,,0.4,0.24453280318091453,6230,1246,2670,740,148,314,3,0.6789006901782358,13,0.6756093670584928,0.39737827715355806,0.24495541999061474,0.14364336818932305,0.8312101910828026,0.1846983961292547,benchmark__subj_051__p100__ssl_ft__seed42__full_ft__lre3em05__lrh3em04__wd1em03,,,ok,,80,/kaggle/input/datasets/taisiyaglazova/ssl-checkpoints/checkpoints/encoder_epoch_080.pt
subj_052,benchmark,100,ssl_ft,full_ft,42,/kaggle/input/datasets/taisiyaglazova/ssl-checkpoints/checkpoints/encoder_epoch_080.pt,3e-05,0.0003,0.001,,0.395,0.2569593147751606,6506,1302,2788,762,152,328,3,0.6554479365524608,13,0.6104600436248265,0.4433285509325681,0.23015873015873015,0.13744075829383887,0.7073170731707317,0.08193516218054178,benchmark__subj_052__p100__ssl_ft__seed42__full_ft__lre3em05__lrh3em04__wd1em03,,,ok,,80,/kaggle/input/datasets/taisiyaglazova/ssl-checkpoints/checkpoints/encoder_epoch_080.pt
subj_053,benchmark,100,ssl_ft,full_ft,42,/kaggle/input/datasets/taisiyaglazova/ssl-checkpoints/checkpoints/encoder_epoch_080.pt,3e-05,0.0003,0.001,,0.4,0.23051299133910727,8113,1623,3476,959,192,409,3,0.6759403222369619,13,0.6257048173513615,0.29142692750287685,0.2247403210576015,0.12897398843930635,0.8728606356968215,0.093051632403398,benchmark__subj_053__p100__ssl_ft__seed42__full_ft__lre3em05__lrh3em04__wd1em03,,,ok,,80,/kaggle/input/datasets/taisiyaglazova/ssl-checkpoints/checkpoints/encoder_epoch_080.pt
subj_055,benchmark,100,ssl_ft,full_ft,42,/kaggle/input/datasets/taisiyaglazova/ssl-checkpoints/checkpoints/encoder_epoch_080.pt,3e-05,0.0003,0.001,,0.4,0.3413173652694611,6838,1368,2930,809,162,346,4,0.6173468741060001,14,0.6947008267864494,0.6453924914675768,0.3105507631055076,0.20155038759689922,0.6763005780346821,0.264810912573962,benchmark__subj_055__p100__ssl_ft__seed42__full_ft__lre3em05__lrh3em04__wd1em03,,,ok,,80,/kaggle/input/datasets/taisiyaglazova/ssl-checkpoints/checkpoints/encoder_epoch_080.pt
subj_056,benchmark,100,ssl_ft,full_ft,42,/kaggle/input/datasets/taisiyaglazova/ssl-checkpoints/checkpoints/encoder_epoch_080.pt,3e-05,0.0003,0.001,,0.39,0.22272385252069224,7722,1545,3309,909,182,388,4,0.6881963198624769,14,0.5660512040432417,0.27893623451193716,0.21461487820934824,0.1230188679245283,0.8402061855670103,0.02403315365845807,benchmark__subj_056__p100__ssl_ft__seed42__full_ft__lre3em05__lrh3em04__wd1em03,,,ok,,80,/kaggle/input/datasets/taisiyaglazova/ssl-checkpoints/checkpoints/encoder_epoch_080.pt
subj_057,benchmark,100,ssl_ft,full_ft,42,/kaggle/input/datasets/taisiyaglazova/ssl-checkpoints/checkpoints/encoder_epoch_080.pt,3e-05,0.0003,0.001,,0.4,0.23465211459754434,8590,1718,3681,1012,202,434,3,0.6657695453158635,13,0.5592067260952684,0.3787014398261342,0.22025230139788612,0.1292517006802721,0.7442396313364056,0.01820740294292244,benchmark__subj_057__p100__ssl_ft__seed42__full_ft__lre3em05__lrh3em04__wd1em03,,,ok,,80,/kaggle/input/datasets/taisiyaglazova/ssl-checkpoints/checkpoints/encoder_epoch_080.pt
subj_058,benchmark,100,ssl_ft,full_ft,42,/kaggle/input/datasets/taisiyaglazova/ssl-checkpoints/checkpoints/encoder_epoch_080.pt,3e-05,0.0003,0.001,,0.4,0.28417653390742736,7324,1465,3138,867,173,369,3,0.6384225048302791,13,0.6859343819151444,0.5519439133205863,0.2767489711934156,0.1707936507936508,0.7289972899728997,0.24069086244207902,benchmark__subj_058__p100__ssl_ft__seed42__full_ft__lre3em05__lrh3em04__wd1em03,,,ok,,80,/kaggle/input/datasets/taisiyaglazova/ssl-checkpoints/checkpoints/encoder_epoch_080.pt
subj_059,benchmark,100,ssl_ft,full_ft,42,/kaggle/input/datasets/taisiyaglazova/ssl-checkpoints/checkpoints/encoder_epoch_080.pt,3e-05,0.0003,0.001,,0.365,0.2314540059347181,6316,1264,2706,744,149,318,5,0.6824126024789448,15,0.6054999841977181,0.36511456023651145,0.22472924187725632,0.13119072708113805,0.7830188679245284,0.06300694376628871,benchmark__subj_059__p100__ssl_ft__seed42__full_ft__lre3em05__lrh3em04__wd1em03,,,ok,,80,/kaggle/input/datasets/taisiyaglazova/ssl-checkpoints/checkpoints/encoder_epoch_080.pt
subj_060,benchmark,100,ssl_ft,full_ft,42,/kaggle/input/datasets/taisiyaglazova/ssl-checkpoints/checkpoints/encoder_epoch_080.pt,3e-05,0.0003,0.001,,0.395,0.45089285714285715,6072,1215,2601,718,144,306,5,0.5311905028398145,15,0.7759323337178008,0.7885428681276432,0.3982494529540481,0.2993421052631579,0.5947712418300654,0.5989804463838911,benchmark__subj_060__p100__ssl_ft__seed42__full_ft__lre3em05__lrh3em04__wd1em03,,,ok,,80,/kaggle/input/datasets/taisiyaglazova/ssl-checkpoints/checkpoints/encoder_epoch_080.pt
subj_061,benchmark,100,ssl_ft,full_ft,42,/kaggle/input/datasets/taisiyaglazova/ssl-checkpoints/checkpoints/encoder_epoch_080.pt,3e-05,0.0003,0.001,,0.395,0.22518025513033832,10666,2134,4570,1253,251,536,3,0.6690188478730835,13,0.6271588882557959,0.3479212253829322,0.23076923076923078,0.13391252246854404,0.8339552238805971,0.10890325156718322,benchmark__subj_061__p100__ssl_ft__seed42__full_ft__lre3em05__lrh3em04__wd1em03,,,ok,,80,/kaggle/input/datasets/taisiyaglazova/ssl-checkpoints/checkpoints/encoder_epoch_080.pt
subj_062,benchmark,100,ssl_ft,full_ft,42,/kaggle/input/datasets/taisiyaglazova/ssl-checkpoints/checkpoints/encoder_epoch_080.pt,3e-05,0.0003,0.001,,0.395,0.3568627450980392,5710,1142,2446,680,136,288,5,0.6295278258165002,15,0.77641656369066,0.7277187244480785,0.3728813559322034,0.2558139534883721,0.6875,0.5604978100905437,benchmark__subj_062__p100__ssl_ft__seed42__full_ft__lre3em05__lrh3em04__wd1em03,,,ok,,80,/kaggle/input/datasets/taisiyaglazova/ssl-checkpoints/checkpoints/encoder_epoch_080.pt
subj_063,benchmark,100,ssl_ft,full_ft,42,/kaggle/input/datasets/taisiyaglazova/ssl-checkpoints/checkpoints/encoder_epoch_080.pt,3e-05,0.0003,0.001,,0.05,0.2122905027932961,10400,2080,4456,1237,247,525,1,0.6949767323640677,11,0.5681418759312424,0.11781867145421904,0.21080104396707489,0.11781867145421904,1.0,0.02610372974856828,benchmark__subj_063__p100__ssl_ft__seed42__full_ft__lre3em05__lrh3em04__wd1em03,,,ok,,80,/kaggle/input/datasets/taisiyaglazova/ssl-checkpoints/checkpoints/encoder_epoch_080.pt
subj_064,benchmark,100,ssl_ft,full_ft,42,/kaggle/input/datasets/taisiyaglazova/ssl-checkpoints/checkpoints/encoder_epoch_080.pt,3e-05,0.0003,0.001,,0.4,0.23476702508960573,6824,1365,2924,799,160,344,2,0.6793262111398327,12,0.5865738236884803,0.359781121751026,0.22835943940643033,0.13304514889529298,0.8052325581395349,0.03716576209179039,benchmark__subj_064__p100__ssl_ft__seed42__full_ft__lre3em05__lrh3em04__wd1em03,,,ok,,80,/kaggle/input/datasets/taisiyaglazova/ssl-checkpoints/checkpoints/encoder_epoch_080.pt
subj_066,benchmark,100,ssl_ft,full_ft,42,/kaggle/input/datasets/taisiyaglazova/ssl-checkpoints/checkpoints/encoder_epoch_080.pt,3e-05,0.0003,0.001,,0.4,0.35,6036,1208,2586,719,144,305,4,0.5202511106895296,14,0.7508297338670844,0.5835266821345708,0.30828516377649323,0.19169329073482427,0.7868852459016393,0.4356779469571653,benchmark__subj_066__p100__ssl_ft__seed42__full_ft__lre3em05__lrh3em04__wd1em03,,,ok,,80,/kaggle/input/datasets/taisiyaglazova/ssl-checkpoints/checkpoints/encoder_epoch_080.pt
subj_067,benchmark,100,ssl_ft,full_ft,42,/kaggle/input/datasets/taisiyaglazova/ssl-checkpoints/checkpoints/encoder_epoch_080.pt,3e-05,0.0003,0.001,,0.39,0.3872832369942196,7210,1442,3089,854,171,364,5,0.5235351589450228,15,0.7185311019255974,0.7160893493039818,0.3259031514219831,0.22625400213447172,0.5824175824175825,0.3380471300824085,benchmark__subj_067__p100__ssl_ft__seed42__full_ft__lre3em05__lrh3em04__wd1em03,,,ok,,80,/kaggle/input/datasets/taisiyaglazova/ssl-checkpoints/checkpoints/encoder_epoch_080.pt
subj_076,benchmark,100,ssl_ft,full_ft,42,/kaggle/input/datasets/taisiyaglazova/ssl-checkpoints/checkpoints/encoder_epoch_080.pt,3e-05,0.0003,0.001,,0.4,0.24558823529411763,9346,1870,4005,1041,208,445,2,0.6284823901513044,12,0.6631138745107941,0.5153558052434457,0.24854819976771197,0.15014031805425632,0.7213483146067415,0.17410458838503157,benchmark__subj_076__p100__ssl_ft__seed42__full_ft__lre3em05__lrh3em04__wd1em03,,,ok,,80,/kaggle/input/datasets/taisiyaglazova/ssl-checkpoints/checkpoints/encoder_epoch_080.pt
subj_077,benchmark,100,ssl_ft,full_ft,42,/kaggle/input/datasets/taisiyaglazova/ssl-checkpoints/checkpoints/encoder_epoch_080.pt,3e-05,0.0003,0.001,,0.4,0.6073825503355704,9073,1815,3888,1013,203,431,5,0.2880662591332575,15,0.9626683007073311,0.8842592592592593,0.6382636655948553,0.4883148831488315,0.9211136890951276,4.234494208596293,benchmark__subj_077__p100__ssl_ft__seed42__full_ft__lre3em05__lrh3em04__wd1em03,,,ok,,80,/kaggle/input/datasets/taisiyaglazova/ssl-checkpoints/checkpoints/encoder_epoch_080.pt
subj_078,benchmark,100,ssl_ft,full_ft,42,/kaggle/input/datasets/taisiyaglazova/ssl-checkpoints/checkpoints/encoder_epoch_080.pt,3e-05,0.0003,0.001,,0.39,0.21256038647342995,13414,2683,5748,1493,299,637,2,0.6921765786962548,12,0.5386418372414963,0.28427279053583854,0.1980506822612086,0.11306476741598041,0.7974882260596546,0.00843470230846803,benchmark__subj_078__p100__ssl_ft__seed42__full_ft__lre3em05__lrh3em04__wd1em03,,,ok,,80,/kaggle/input/datasets/taisiyaglazova/ssl-checkpoints/checkpoints/encoder_epoch_080.pt
subj_079,benchmark,100,ssl_ft,full_ft,42,/kaggle/input/datasets/taisiyaglazova/ssl-checkpoints/checkpoints/encoder_epoch_080.pt,3e-05,0.0003,0.001,,0.375,0.19954501137471564,13851,2771,5935,1536,307,659,1,0.6940532948556939,11,0.510716348316481,0.11103622577927548,0.19987867758568395,0.11103622577927548,1.0,4.005490343825253e-05,benchmark__subj_079__p100__ssl_ft__seed42__full_ft__lre3em05__lrh3em04__wd1em03,,,ok,,80,/kaggle/input/datasets/taisiyaglazova/ssl-checkpoints/checkpoints/encoder_epoch_080.pt
subj_080,benchmark,100,ssl_ft,full_ft,42,/kaggle/input/datasets/taisiyaglazova/ssl-checkpoints/checkpoints/encoder_epoch_080.pt,3e-05,0.0003,0.001,,0.4,0.7344398340248963,8872,1775,3802,986,197,422,5,0.25033806065438496,15,0.9794932555596063,0.9463440294581799,0.7914110429447853,0.6960431654676259,0.9170616113744076,5.326263542908383,benchmark__subj_080__p100__ssl_ft__seed42__full_ft__lre3em05__lrh3em04__wd1em03,,,ok,,80,/kaggle/input/datasets/taisiyaglazova/ssl-checkpoints/checkpoints/encoder_epoch_080.pt
subj_081,benchmark,100,ssl_ft,full_ft,42,/kaggle/input/datasets/taisiyaglazova/ssl-checkpoints/checkpoints/encoder_epoch_080.pt,3e-05,0.0003,0.001,,0.4,0.34854771784232363,9502,1901,4071,1058,212,453,4,0.551128556419836,14,0.81746833651219,0.7207074428887251,0.372170071783545,0.24815905743740796,0.7439293598233996,0.8269541725716808,benchmark__subj_081__p100__ssl_ft__seed42__full_ft__lre3em05__lrh3em04__wd1em03,,,ok,,80,/kaggle/input/datasets/taisiyaglazova/ssl-checkpoints/checkpoints/encoder_epoch_080.pt
subj_082,benchmark,100,ssl_ft,full_ft,42,/kaggle/input/datasets/taisiyaglazova/ssl-checkpoints/checkpoints/encoder_epoch_080.pt,3e-05,0.0003,0.001,,0.4,0.30119176598049835,9462,1893,4055,1054,211,451,2,0.636934646367397,12,0.6995968386936416,0.6155363748458693,0.2825586746433502,0.17828106852497097,0.6807095343680709,0.25998838741201663,benchmark__subj_082__p100__ssl_ft__seed42__full_ft__lre3em05__lrh3em04__wd1em03,,,ok,,80,/kaggle/input/datasets/taisiyaglazova/ssl-checkpoints/checkpoints/encoder_epoch_080.pt
subj_083,benchmark,100,ssl_ft,full_ft,42,/kaggle/input/datasets/taisiyaglazova/ssl-checkpoints/checkpoints/encoder_epoch_080.pt,3e-05,0.0003,0.001,,0.375,0.20097020097020096,13034,2607,5586,1450,290,620,1,0.6925445642103671,11,0.5384150936042509,0.11582527747941282,0.19964349376114082,0.11097099621689786,0.9935483870967742,0.005853869610613317,benchmark__subj_083__p100__ssl_ft__seed42__full_ft__lre3em05__lrh3em04__wd1em03,,,ok,,80,/kaggle/input/datasets/taisiyaglazova/ssl-checkpoints/checkpoints/encoder_epoch_080.pt
subj_084,benchmark,100,ssl_ft,full_ft,42,/kaggle/input/datasets/taisiyaglazova/ssl-checkpoints/checkpoints/encoder_epoch_080.pt,3e-05,0.0003,0.001,,0.4,0.3433922996878252,9943,1989,4261,1106,221,470,3,0.5727757645828032,13,0.7458263412224923,0.6866932644919033,0.3178334184977006,0.20914593140551446,0.6617021276595745,0.45389551312653215,benchmark__subj_084__p100__ssl_ft__seed42__full_ft__lre3em05__lrh3em04__wd1em03,,,ok,,80,/kaggle/input/datasets/taisiyaglazova/ssl-checkpoints/checkpoints/encoder_epoch_080.pt
subj_085,benchmark,100,ssl_ft,full_ft,42,/kaggle/input/datasets/taisiyaglazova/ssl-checkpoints/checkpoints/encoder_epoch_080.pt,3e-05,0.0003,0.001,,0.4,0.2750677506775068,10748,2150,4606,1191,238,512,3,0.5887680073671563,13,0.6444997633732291,0.4546244029526704,0.23786407766990292,0.14080459770114942,0.765625,0.13193563209525172,benchmark__subj_085__p100__ssl_ft__seed42__full_ft__lre3em05__lrh3em04__wd1em03,,,ok,,80,/kaggle/input/datasets/taisiyaglazova/ssl-checkpoints/checkpoints/encoder_epoch_080.pt
subj_086,benchmark,100,ssl_ft,full_ft,42,/kaggle/input/datasets/taisiyaglazova/ssl-checkpoints/checkpoints/encoder_epoch_080.pt,3e-05,0.0003,0.001,,0.385,0.17412935323383086,5152,1031,2208,425,85,184,2,0.6765733676900225,12,0.6438364624505929,0.3713768115942029,0.17084826762246116,0.0959731543624161,0.7771739130434783,0.13984222288766282,benchmark__subj_086__p100__ssl_ft__seed42__full_ft__lre3em05__lrh3em04__wd1em03,,,ok,,80,/kaggle/input/datasets/taisiyaglazova/ssl-checkpoints/checkpoints/encoder_epoch_080.pt
subj_087,benchmark,100,ssl_ft,full_ft,42,/kaggle/input/datasets/taisiyaglazova/ssl-checkpoints/checkpoints/encoder_epoch_080.pt,3e-05,0.0003,0.001,,0.39,0.1625,4226,846,1811,351,70,151,1,0.6870087333041162,11,0.520015159977659,0.20817228050800662,0.1564705882352941,0.08586184635248548,0.8807947019867549,0.004818499417787875,benchmark__subj_087__p100__ssl_ft__seed42__full_ft__lre3em05__lrh3em04__wd1em03,,,ok,,80,/kaggle/input/datasets/taisiyaglazova/ssl-checkpoints/checkpoints/encoder_epoch_080.pt
subj_088,benchmark,100,ssl_ft,full_ft,42,/kaggle/input/datasets/taisiyaglazova/ssl-checkpoints/checkpoints/encoder_epoch_080.pt,3e-05,0.0003,0.001,,0.4,0.18285714285714286,4778,956,2047,396,79,170,2,0.6702284167002435,12,0.6982857501018522,0.38202247191011235,0.1864951768488746,0.10469314079422383,0.8529411764705882,0.2614523127330638,benchmark__subj_088__p100__ssl_ft__seed42__full_ft__lre3em05__lrh3em04__wd1em03,,,ok,,80,/kaggle/input/datasets/taisiyaglazova/ssl-checkpoints/checkpoints/encoder_epoch_080.pt
subj_089,benchmark,100,ssl_ft,full_ft,42,/kaggle/input/datasets/taisiyaglazova/ssl-checkpoints/checkpoints/encoder_epoch_080.pt,3e-05,0.0003,0.001,,0.375,0.20783645655877342,4781,957,2048,393,79,171,4,0.6801088236840666,14,0.6477893365984665,0.49365234375,0.18794048551292092,0.10849909584086799,0.7017543859649122,0.13856508081226854,benchmark__subj_089__p100__ssl_ft__seed42__full_ft__lre3em05__lrh3em04__wd1em03,,,ok,,80,/kaggle/input/datasets/taisiyaglazova/ssl-checkpoints/checkpoints/encoder_epoch_080.pt
subj_091,benchmark,100,ssl_ft,full_ft,42,/kaggle/input/datasets/taisiyaglazova/ssl-checkpoints/checkpoints/encoder_epoch_080.pt,3e-05,0.0003,0.001,,0.36,0.15299877600979192,7558,1512,3238,625,125,270,1,0.7028356755852069,11,0.519753918338824,0.08369363804817789,0.15397775876817793,0.08341056533827618,1.0,0.0008144089353591928,benchmark__subj_091__p100__ssl_ft__seed42__full_ft__lre3em05__lrh3em04__wd1em03,,,ok,,80,/kaggle/input/datasets/taisiyaglazova/ssl-checkpoints/checkpoints/encoder_epoch_080.pt
subj_092,benchmark,100,ssl_ft,full_ft,42,/kaggle/input/datasets/taisiyaglazova/ssl-checkpoints/checkpoints/encoder_epoch_080.pt,3e-05,0.0003,0.001,,0.39,0.1570796460176991,4454,891,1908,369,74,159,1,0.6744593814032113,11,0.5821152068927078,0.13784067085953877,0.15511042629686697,0.08445190156599552,0.949685534591195,0.039267570834988885,benchmark__subj_092__p100__ssl_ft__seed42__full_ft__lre3em05__lrh3em04__wd1em03,,,ok,,80,/kaggle/input/datasets/taisiyaglazova/ssl-checkpoints/checkpoints/encoder_epoch_080.pt
subj_093,benchmark,100,ssl_ft,full_ft,42,/kaggle/input/datasets/taisiyaglazova/ssl-checkpoints/checkpoints/encoder_epoch_080.pt,3e-05,0.0003,0.001,,0.375,0.19970193740685543,4578,916,1961,379,76,163,3,0.6721193474192807,13,0.6921664835502297,0.3391126976032636,0.19,0.1057759220598469,0.9325153374233128,0.27517498999076867,benchmark__subj_093__p100__ssl_ft__seed42__full_ft__lre3em05__lrh3em04__wd1em03,,,ok,,80,/kaggle/input/datasets/taisiyaglazova/ssl-checkpoints/checkpoints/encoder_epoch_080.pt
subj_095,benchmark,100,ssl_ft,full_ft,42,/kaggle/input/datasets/taisiyaglazova/ssl-checkpoints/checkpoints/encoder_epoch_080.pt,3e-05,0.0003,0.001,,0.05,0.15267175572519084,4839,968,2073,401,80,173,1,0.7040075452859736,11,0.5289777912990569,0.08345393150024119,0.15405164737310775,0.08345393150024119,1.0,0.006861227596155197,benchmark__subj_095__p100__ssl_ft__seed42__full_ft__lre3em05__lrh3em04__wd1em03,,,ok,,80,/kaggle/input/datasets/taisiyaglazova/ssl-checkpoints/checkpoints/encoder_epoch_080.pt
subj_096,benchmark,100,ssl_ft,full_ft,42,/kaggle/input/datasets/taisiyaglazova/ssl-checkpoints/checkpoints/encoder_epoch_080.pt,3e-05,0.0003,0.001,,0.345,0.1648675171736997,5164,1033,2213,427,85,184,2,0.6818062539022174,12,0.583669938071871,0.12652507907817442,0.15626364033173287,0.08495491219743712,0.9728260869565217,0.039029736004174025,benchmark__subj_096__p100__ssl_ft__seed42__full_ft__lre3em05__lrh3em04__wd1em03,,,ok,,80,/kaggle/input/datasets/taisiyaglazova/ssl-checkpoints/checkpoints/encoder_epoch_080.pt
subj_097,benchmark,100,ssl_ft,full_ft,42,/kaggle/input/datasets/taisiyaglazova/ssl-checkpoints/checkpoints/encoder_epoch_080.pt,3e-05,0.0003,0.001,,0.4,0.168,4178,836,1790,348,70,149,2,0.6805627337483128,12,0.6522786482297174,0.30446927374301674,0.1814595660749507,0.10058309037900874,0.9261744966442953,0.1861810470020391,benchmark__subj_097__p100__ssl_ft__seed42__full_ft__lre3em05__lrh3em04__wd1em03,,,ok,,80,/kaggle/input/datasets/taisiyaglazova/ssl-checkpoints/checkpoints/encoder_epoch_080.pt
subj_098,benchmark,100,ssl_ft,full_ft,42,/kaggle/input/datasets/taisiyaglazova/ssl-checkpoints/checkpoints/encoder_epoch_080.pt,3e-05,0.0003,0.001,,0.05,0.15321252059308071,5605,1121,2401,465,93,200,1,0.6982059065621417,11,0.5812676056338028,0.08329862557267805,0.15378700499807765,0.08329862557267805,1.0,0.03372641655261057,benchmark__subj_098__p100__ssl_ft__seed42__full_ft__lre3em05__lrh3em04__wd1em03,,,ok,,80,/kaggle/input/datasets/taisiyaglazova/ssl-checkpoints/checkpoints/encoder_epoch_080.pt
subj_099,benchmark,100,ssl_ft,full_ft,42,/kaggle/input/datasets/taisiyaglazova/ssl-checkpoints/checkpoints/encoder_epoch_080.pt,3e-05,0.0003,0.001,,0.4,0.16864608076009502,4491,899,1924,371,74,161,2,0.6785516300641655,12,0.5810817952177789,0.2156964656964657,0.15933147632311978,0.08751529987760098,0.8881987577639752,0.03350896616594557,benchmark__subj_099__p100__ssl_ft__seed42__full_ft__lre3em05__lrh3em04__wd1em03,,,ok,,80,/kaggle/input/datasets/taisiyaglazova/ssl-checkpoints/checkpoints/encoder_epoch_080.pt
subj_100,benchmark,100,ssl_ft,full_ft,42,/kaggle/input/datasets/taisiyaglazova/ssl-checkpoints/checkpoints/encoder_epoch_080.pt,3e-05,0.0003,0.001,,0.05,0.15327929255711129,6263,1253,2684,521,104,223,1,0.6923322866939109,11,0.55994045222056,0.0830849478390462,0.15342277261781906,0.0830849478390462,1.0,0.021538849163504025,benchmark__subj_100__p100__ssl_ft__seed42__full_ft__lre3em05__lrh3em04__wd1em03,,,ok,,80,/kaggle/input/datasets/taisiyaglazova/ssl-checkpoints/checkpoints/encoder_epoch_080.pt
subj_101,benchmark,100,ssl_ft,full_ft,42,/kaggle/input/datasets/taisiyaglazova/ssl-checkpoints/checkpoints/encoder_epoch_080.pt,3e-05,0.0003,0.001,,0.4,0.16318407960199005,5536,1108,2372,459,92,197,2,0.6830831159323131,12,0.516592566660832,0.1981450252951096,0.15240641711229946,0.08353688324377137,0.868020304568528,0.00031213878068751854,benchmark__subj_101__p100__ssl_ft__seed42__full_ft__lre3em05__lrh3em04__wd1em03,,,ok,,80,/kaggle/input/datasets/taisiyaglazova/ssl-checkpoints/checkpoints/encoder_epoch_080.pt
subj_102,benchmark,100,ssl_ft,full_ft,42,/kaggle/input/datasets/taisiyaglazova/ssl-checkpoints/checkpoints/encoder_epoch_080.pt,3e-05,0.0003,0.001,,0.4,0.15576923076923077,5451,1091,2336,447,89,195,1,0.6871670840750256,11,0.5568066683433335,0.2131849315068493,0.16073059360730593,0.08822055137844612,0.9025641025641026,0.010334410177866819,benchmark__subj_102__p100__ssl_ft__seed42__full_ft__lre3em05__lrh3em04__wd1em03,,,ok,,80,/kaggle/input/datasets/taisiyaglazova/ssl-checkpoints/checkpoints/encoder_epoch_080.pt
subj_103,benchmark,100,ssl_ft,full_ft,42,/kaggle/input/datasets/taisiyaglazova/ssl-checkpoints/checkpoints/encoder_epoch_080.pt,3e-05,0.0003,0.001,,0.4,0.16043956043956045,5596,1120,2397,460,92,200,1,0.6932910408292497,11,0.5607168866636322,0.29161451814768463,0.16601178781925344,0.0920479302832244,0.845,0.023969049949743203,benchmark__subj_103__p100__ssl_ft__seed42__full_ft__lre3em05__lrh3em04__wd1em03,,,ok,,80,/kaggle/input/datasets/taisiyaglazova/ssl-checkpoints/checkpoints/encoder_epoch_080.pt
subj_104,benchmark,100,ssl_ft,full_ft,42,/kaggle/input/datasets/taisiyaglazova/ssl-checkpoints/checkpoints/encoder_epoch_080.pt,3e-05,0.0003,0.001,,0.29,0.17011494252873563,4775,955,2046,398,80,170,2,0.6888511129074696,12,0.5722422551109996,0.2126099706744868,0.1631168831168831,0.08945868945868946,0.9235294117647059,0.0175400407570961,benchmark__subj_104__p100__ssl_ft__seed42__full_ft__lre3em05__lrh3em04__wd1em03,,,ok,,80,/kaggle/input/datasets/taisiyaglazova/ssl-checkpoints/checkpoints/encoder_epoch_080.pt
subj_105,benchmark,100,ssl_ft,full_ft,42,/kaggle/input/datasets/taisiyaglazova/ssl-checkpoints/checkpoints/encoder_epoch_080.pt,3e-05,0.0003,0.001,,0.4,0.24070021881838075,4270,854,1829,353,71,153,4,0.6081471344067844,14,0.7191297362222534,0.6287588846364134,0.23449830890642615,0.14168937329700274,0.6797385620915033,0.30413773809972855,benchmark__subj_105__p100__ssl_ft__seed42__full_ft__lre3em05__lrh3em04__wd1em03,,,ok,,80,/kaggle/input/datasets/taisiyaglazova/ssl-checkpoints/checkpoints/encoder_epoch_080.pt
subj_122,benchmark,100,ssl_ft,full_ft,42,/kaggle/input/datasets/taisiyaglazova/ssl-checkpoints/checkpoints/encoder_epoch_080.pt,3e-05,0.0003,0.001,,0.33999999999999997,0.23892893923789907,8673,1735,3716,1169,234,790,1,0.6917055553592935,11,0.5100249184526333,0.2166307857911733,0.3509476031215162,0.21299052774018945,0.9962025316455696,0.00021744685207885812,benchmark__subj_122__p100__ssl_ft__seed42__full_ft__lre3em05__lrh3em04__wd1em03,,,ok,,80,/kaggle/input/datasets/taisiyaglazova/ssl-checkpoints/checkpoints/encoder_epoch_080.pt
subj_123,benchmark,100,ssl_ft,full_ft,42,/kaggle/input/datasets/taisiyaglazova/ssl-checkpoints/checkpoints/encoder_epoch_080.pt,3e-05,0.0003,0.001,,0.4,0.28607918263090676,7355,1471,3151,886,177,743,5,0.6815022420186237,15,0.5792423639461105,0.5982227864170104,0.3612512613521695,0.28894269572235676,0.48183041722745623,0.042116274750861354,benchmark__subj_123__p100__ssl_ft__seed42__full_ft__lre3em05__lrh3em04__wd1em03,,,ok,,80,/kaggle/input/datasets/taisiyaglazova/ssl-checkpoints/checkpoints/encoder_epoch_080.pt
subj_124,benchmark,100,ssl_ft,full_ft,42,/kaggle/input/datasets/taisiyaglazova/ssl-checkpoints/checkpoints/encoder_epoch_080.pt,3e-05,0.0003,0.001,,0.365,0.27980402830702233,9299,1860,3984,1424,285,812,1,0.6967317029994021,11,0.5269994455798582,0.2213855421686747,0.34,0.20550411522633744,0.9839901477832512,0.001606394095723716,benchmark__subj_124__p100__ssl_ft__seed42__full_ft__lre3em05__lrh3em04__wd1em03,,,ok,,80,/kaggle/input/datasets/taisiyaglazova/ssl-checkpoints/checkpoints/encoder_epoch_080.pt
subj_125,benchmark,100,ssl_ft,full_ft,42,/kaggle/input/datasets/taisiyaglazova/ssl-checkpoints/checkpoints/encoder_epoch_080.pt,3e-05,0.0003,0.001,,0.39,0.2251832111925383,6808,1362,2917,851,170,723,1,0.6852036828336562,11,0.5072201187445705,0.25197120329105244,0.39523281596452325,0.24714038128249566,0.9861687413554634,6.985128998203013e-05,benchmark__subj_125__p100__ssl_ft__seed42__full_ft__lre3em05__lrh3em04__wd1em03,,,ok,,80,/kaggle/input/datasets/taisiyaglazova/ssl-checkpoints/checkpoints/encoder_epoch_080.pt
subj_126,benchmark,100,ssl_ft,full_ft,42,/kaggle/input/datasets/taisiyaglazova/ssl-checkpoints/checkpoints/encoder_epoch_080.pt,3e-05,0.0003,0.001,,0.385,0.2478760619690155,8953,1791,3836,1255,251,799,1,0.6948340610709688,11,0.5100032432704199,0.220281543274244,0.345370978332239,0.20928381962864723,0.9874843554443054,4.727689027671372e-06,benchmark__subj_126__p100__ssl_ft__seed42__full_ft__lre3em05__lrh3em04__wd1em03,,,ok,,80,/kaggle/input/datasets/taisiyaglazova/ssl-checkpoints/checkpoints/encoder_epoch_080.pt
subj_127,benchmark,100,ssl_ft,full_ft,42,/kaggle/input/datasets/taisiyaglazova/ssl-checkpoints/checkpoints/encoder_epoch_080.pt,3e-05,0.0003,0.001,,0.4,0.40746500777604977,5946,1190,2548,820,164,637,4,0.535919580139032,14,0.7613839401235678,0.6730769230769231,0.5209890741805635,0.411070780399274,0.7111459968602826,0.5258246195925574,benchmark__subj_127__p100__ssl_ft__seed42__full_ft__lre3em05__lrh3em04__wd1em03,,,ok,,80,/kaggle/input/datasets/taisiyaglazova/ssl-checkpoints/checkpoints/encoder_epoch_080.pt
subj_128,benchmark,100,ssl_ft,full_ft,42,/kaggle/input/datasets/taisiyaglazova/ssl-checkpoints/checkpoints/encoder_epoch_080.pt,3e-05,0.0003,0.001,,0.4,0.3265856950067476,11807,2362,5059,1812,362,1021,1,0.674583580108339,11,0.5726344099322839,0.5791658430519866,0.3418856259659969,0.24977416440831074,0.5416258570029383,0.02592070516198376,benchmark__subj_128__p100__ssl_ft__seed42__full_ft__lre3em05__lrh3em04__wd1em03,,,ok,,80,/kaggle/input/datasets/taisiyaglazova/ssl-checkpoints/checkpoints/encoder_epoch_080.pt
subj_129,benchmark,100,ssl_ft,full_ft,42,/kaggle/input/datasets/taisiyaglazova/ssl-checkpoints/checkpoints/encoder_epoch_080.pt,3e-05,0.0003,0.001,,0.4,0.2911737943585077,7943,1589,3403,1095,219,764,3,0.6627051132966169,13,0.5727964939916556,0.31002057008521894,0.38662486938349006,0.24151436031331594,0.9685863874345549,0.04787499938401655,benchmark__subj_129__p100__ssl_ft__seed42__full_ft__lre3em05__lrh3em04__wd1em03,,,ok,,80,/kaggle/input/datasets/taisiyaglazova/ssl-checkpoints/checkpoints/encoder_epoch_080.pt
subj_130,benchmark,100,ssl_ft,full_ft,42,/kaggle/input/datasets/taisiyaglazova/ssl-checkpoints/checkpoints/encoder_epoch_080.pt,3e-05,0.0003,0.001,,0.395,0.21676300578034682,6216,1244,2664,749,150,666,1,0.6950991650102989,11,0.5099510170831492,0.2511261261261261,0.3985529092553512,0.24933987174651076,0.9924924924924925,0.0014247441654461324,benchmark__subj_130__p100__ssl_ft__seed42__full_ft__lre3em05__lrh3em04__wd1em03,,,ok,,80,/kaggle/input/datasets/taisiyaglazova/ssl-checkpoints/checkpoints/encoder_epoch_080.pt
subj_131,benchmark,100,ssl_ft,full_ft,42,/kaggle/input/datasets/taisiyaglazova/ssl-checkpoints/checkpoints/encoder_epoch_080.pt,3e-05,0.0003,0.001,,0.4,0.2670157068062827,8669,1734,3714,1244,249,789,2,0.682275626967385,12,0.5593004235589787,0.32067851373182554,0.357851870705014,0.22388535031847134,0.8910012674271229,0.0014985891826105706,benchmark__subj_131__p100__ssl_ft__seed42__full_ft__lre3em05__lrh3em04__wd1em03,,,ok,,80,/kaggle/input/datasets/taisiyaglazova/ssl-checkpoints/checkpoints/encoder_epoch_080.pt
subj_132,benchmark,100,ssl_ft,full_ft,42,/kaggle/input/datasets/taisiyaglazova/ssl-checkpoints/checkpoints/encoder_epoch_080.pt,3e-05,0.0003,0.001,,0.4,0.2263856362217018,7103,1421,3043,903,181,734,2,0.6938862491878802,12,0.510687948945189,0.25336838646072957,0.38494856524093124,0.2402027027027027,0.9686648501362398,0.0002568946033474525,benchmark__subj_132__p100__ssl_ft__seed42__full_ft__lre3em05__lrh3em04__wd1em03,,,ok,,80,/kaggle/input/datasets/taisiyaglazova/ssl-checkpoints/checkpoints/encoder_epoch_080.pt
subj_133,benchmark,100,ssl_ft,full_ft,42,/kaggle/input/datasets/taisiyaglazova/ssl-checkpoints/checkpoints/encoder_epoch_080.pt,3e-05,0.0003,0.001,,0.245,0.2389687654933069,8917,1784,3821,1207,241,798,1,0.6985560289412871,11,0.4958090727977735,0.2088458518712379,0.34552933535397273,0.2088458518712379,1.0,0.0018204347991098637,benchmark__subj_133__p100__ssl_ft__seed42__full_ft__lre3em05__lrh3em04__wd1em03,,,ok,,80,/kaggle/input/datasets/taisiyaglazova/ssl-checkpoints/checkpoints/encoder_epoch_080.pt
subj_134,benchmark,100,ssl_ft,full_ft,42,/kaggle/input/datasets/taisiyaglazova/ssl-checkpoints/checkpoints/encoder_epoch_080.pt,3e-05,0.0003,0.001,,0.4,0.23864324651726226,8557,1712,3666,1137,227,785,3,0.6788359340106216,13,0.5324044862342119,0.3066012002182215,0.35053653551354114,0.21923937360178972,0.8738853503184714,0.005233077685430727,benchmark__subj_134__p100__ssl_ft__seed42__full_ft__lre3em05__lrh3em04__wd1em03,,,ok,,80,/kaggle/input/datasets/taisiyaglazova/ssl-checkpoints/checkpoints/encoder_epoch_080.pt
subj_155,benchmark,100,ssl_ft,full_ft,42,/kaggle/input/datasets/taisiyaglazova/ssl-checkpoints/checkpoints/encoder_epoch_080.pt,3e-05,0.0003,0.001,,0.39,0.41922120961060483,11698,2340,5013,1613,323,775,13,0.5369681241165879,23,0.7055567903301923,0.6205864751645721,0.36387959866220737,0.2455981941309255,0.7019354838709677,0.28617007090532254,benchmark__subj_155__p100__ssl_ft__seed42__full_ft__lre3em05__lrh3em04__wd1em03,,,ok,,80,/kaggle/input/datasets/taisiyaglazova/ssl-checkpoints/checkpoints/encoder_epoch_080.pt
subj_156,benchmark,100,ssl_ft,full_ft,42,/kaggle/input/datasets/taisiyaglazova/ssl-checkpoints/checkpoints/encoder_epoch_080.pt,3e-05,0.0003,0.001,,0.385,0.36981132075471695,5434,1087,2328,945,189,194,11,0.6515445429574709,21,0.7643793659842124,0.48668384879725085,0.2143326758711374,0.12283345892991711,0.8402061855670103,0.487434492808593,benchmark__subj_156__p100__ssl_ft__seed42__full_ft__lre3em05__lrh3em04__wd1em03,,,ok,,80,/kaggle/input/datasets/taisiyaglazova/ssl-checkpoints/checkpoints/encoder_epoch_080.pt
subj_157,benchmark,100,ssl_ft,full_ft,42,/kaggle/input/datasets/taisiyaglazova/ssl-checkpoints/checkpoints/encoder_epoch_080.pt,3e-05,0.0003,0.001,,0.4,0.24106351550960117,16821,3365,7209,2291,458,955,4,0.691662363276262,14,0.447265666203996,0.29671244277985853,0.1812015503875969,0.10712239831964865,0.587434554973822,0.004727021876541672,benchmark__subj_157__p100__ssl_ft__seed42__full_ft__lre3em05__lrh3em04__wd1em03,,,ok,,80,/kaggle/input/datasets/taisiyaglazova/ssl-checkpoints/checkpoints/encoder_epoch_080.pt
subj_158,benchmark,100,ssl_ft,full_ft,42,/kaggle/input/datasets/taisiyaglazova/ssl-checkpoints/checkpoints/encoder_epoch_080.pt,3e-05,0.0003,0.001,,0.39,0.36022253129346316,11448,2290,4905,1621,324,705,7,0.5912288816214649,17,0.8561171901384669,0.709072375127421,0.4604914933837429,0.31391752577319587,0.8638297872340426,1.212515346951572,benchmark__subj_158__p100__ssl_ft__seed42__full_ft__lre3em05__lrh3em04__wd1em03,,,ok,,80,/kaggle/input/datasets/taisiyaglazova/ssl-checkpoints/checkpoints/encoder_epoch_080.pt
subj_159,benchmark,100,ssl_ft,full_ft,42,/kaggle/input/datasets/taisiyaglazova/ssl-checkpoints/checkpoints/encoder_epoch_080.pt,3e-05,0.0003,0.001,,0.05,0.25871766029246346,7738,1548,3315,1152,230,367,1,0.7009278138478597,11,0.5036084132224683,0.11070889894419306,0.19934818033677348,0.11070889894419306,1.0,0.0008596988269739988,benchmark__subj_159__p100__ssl_ft__seed42__full_ft__lre3em05__lrh3em04__wd1em03,,,ok,,80,/kaggle/input/datasets/taisiyaglazova/ssl-checkpoints/checkpoints/encoder_epoch_080.pt
